{
	"label": "Collection",
	"layout": "theme",
	"sections": {
		"navbar": {
			"type": "main-navbar"
		},
		"thankyou": {
			"type": "thankyou"
		},
		"footer": {
			"type": "main-footer",
			"blocks": {
				"block_4krxs1lw6x0kt3s": {
					"type": "privacy",
					"settings": {
						"block-title": "Privacy",
						"name-1": "Mohamed",
						"url-1": "/mohamed",
						"name-2": "Something",
						"url-2": "/something",
						"name-3": "IDK",
						"url-3": "/idk",
						"name-4": "",
						"url-4": ""
					}
				},
				"block_e7krv81hwb411pr": {
					"type": "contact",
					"settings": {
						"block-title": "Contact Us",
						"newsletter": "rue france,\nrabat, agdal.\nYouCan"
					}
				},
				"block_ddtgqqbcghdz47": {
					"type": "social",
					"settings": {
						"block-title": "Social Media",
						"name-1": "facebook",
						"url-1": "https://www.facebook.com",
						"name-2": "instagram",
						"url-2": "https://www.instagram.com"
					}
				},
				"block_qg71lcaxpl005sd": {
					"type": "copyright",
					"settings": {
						"copyright": "<p>\u00a9 2023 YC. All rights reserved.</p>"
					}
				}
			},
			"order": ["block_4krxs1lw6x0kt3s", "block_ddtgqqbcghdz47", "block_e7krv81hwb411pr", "block_qg71lcaxpl005sd"]
		}
	},
	"order": ["navbar", "thankyou", "footer"]
}
