{
    "current": {
        "font_family": "Almarai",
        "theme_direction": "rtl",
        "primary_color": "#F33520",
        "sections": {
            "notice-bar": {
                "type": "notice-bar",
                "settings": {
                    "notice_bar_content_desktop": "<p>الشحن المجاني متاح لجميع الطلبات<\/p>",
                    "notice_bar_content_mobile": "<p>الشحن المجاني متاح لجميع الطلبات<\/p>",
                    "notice_bar_content_font_size_desktop": 13,
                    "notice_bar_content_font_size_mobile": 12,
                    "notice_bar_height_desktop": 45,
                    "notice_bar_height_mobile": 45,
                    "notice_bar_background_color_desktop": "#F33520FF",
                    "notice_bar_background_color_mobile": "#E72E25FF"
                }
            },
            "main-navbar": {
                "type": "main-navbar",
                "blocks": {
                    "block_gkk8ae6rzniqule": {
                        "type": "logo",
                        "settings": {}
                    },
                    "block_glpfko4s63fm6kj": {
                        "type": "menu",
                        "settings": {}
                    },
                    "block_gmrv273jdps9sso": {
                        "type": "search_and_cart",
                        "settings": {}
                    }
                },
                "order": [
                    "block_gkk8ae6rzniqule",
                    "block_glpfko4s63fm6kj",
                    "block_gmrv273jdps9sso"
                ],
                "settings": {
                    "cart_badge_color": "#B83375FF",
                    "navbar_logo": "image-2IqyhOl7b1bbMBEPS5JD0G2MrcW.png",
                    "navbar_links_color": "#000000FF",
                    "navbar_background_color": "#FFFFFFFF",
                    "navbar_height": 85,
                    "navbar_always_on_top": true,
                    "toggle_navbar": false
                }
            },
            "main-footer": {
                "type": "main-footer",
                "settings": {
                    "footer_background_color": "#000000",
                    "mention_and_social_media": true,
                    "mention": "<p>made with ❤️ by YouCan<\/p>",
                    "footer_text_color": "#F6F9FFFF",
                    "toggle_footer": false,
                    "top_border_color": "#e5e5e5"
                },
                "blocks": {
                    "block_social": {
                        "type": "social-media",
                        "settings": {
                            "social_media_icon_image": "untitled-2NMs6zT0eQIZZJR8DKeE20QQsoS.png",
                            "social_media_url": "https:\/\/www.google.com"
                        }
                    },
                    "block_nlltx86k7y4b93k": {
                        "type": "social-media",
                        "settings": {
                            "social_media_icon_image": "untitled (4)-2NMs7aINYxLEIJZv3i9wkMyLn6r.png",
                            "social_media_url": "https:\/\/www.google.com\/"
                        }
                    },
                    "block_o07mmbhyf997iu": {
                        "type": "social-media",
                        "settings": {
                            "social_media_icon_image": "untitled-2NMs6zT0eQIZZJR8DKeE20QQsoS.png",
                            "social_media_url": "https:\/\/www.google.com\/"
                        }
                    }
                },
                "order": [
                    "block_social",
                    "block_nlltx86k7y4b93k",
                    "block_o07mmbhyf997iu"
                ]
            }
        },
        "success_color": "#1EBA54FF",
        "error_color": "#DF1E2FFF",
        "meta_title": "COD Theme",
        "navbar_height": 60,
        "navbar_links_hover_transparency": 0.69999999999999996
    },
    "presets": {
        "Default": {}
    }
}
